{"cameraMode":{"drawMode":0,"name":"Shaded","section":"Shading Mode"},"sceneLighting":false,"audioPlay":false,"sceneViewState":{"showFog":true,"showMaterialUpdate":false,"showSkybox":false,"showFlares":true,"showImageEffects":true,"showParticleSystems":true},"in2DMode":false,"pivot":{"x":-0.18287384510040284,"y":0.3385578989982605,"z":0.02305281162261963},"rotation":{"x":-0.32624897360801699,"y":-0.2638803720474243,"z":0.09537916630506516,"w":-0.9026995897293091},"size":0.6369073987007141,"orthographic":false}