{"cameraMode":{"drawMode":0,"name":"Shaded","section":"Shading Mode"},"sceneLighting":false,"audioPlay":false,"sceneViewState":{"showFog":true,"showMaterialUpdate":false,"showSkybox":false,"showFlares":true,"showImageEffects":true,"showParticleSystems":true},"in2DMode":false,"pivot":{"x":-0.05959630012512207,"y":-0.09369766712188721,"z":-0.009825825691223145},"rotation":{"x":-0.22661374509334565,"y":-0.40622884035110476,"z":0.10472916066646576,"w":-0.8790216445922852},"size":1.566145658493042,"orthographic":false}