{"cameraMode":{"drawMode":0,"name":"Shaded","section":"Shading Mode"},"sceneLighting":true,"audioPlay":false,"sceneViewState":{"showFog":true,"showMaterialUpdate":false,"showSkybox":true,"showFlares":true,"showImageEffects":true,"showParticleSystems":true},"in2DMode":false,"pivot":{"x":496.076171875,"y":132.189453125,"z":-22.625},"rotation":{"x":0.013807219453155995,"y":0.016492974013090135,"z":-0.00022770761279389262,"w":0.9997716546058655},"size":343.46527099609377,"orthographic":true}