{"cameraMode":{"drawMode":0,"name":"Shaded","section":"Shading Mode"},"sceneLighting":false,"audioPlay":false,"sceneViewState":{"showFog":true,"showMaterialUpdate":false,"showSkybox":false,"showFlares":true,"showImageEffects":true,"showParticleSystems":true},"in2DMode":false,"pivot":{"x":-0.5436829924583435,"y":0.6107031106948853,"z":-1.1363052129745484},"rotation":{"x":-0.30304285883903506,"y":-0.15715432167053224,"z":0.05074845626950264,"w":-0.9385766386985779},"size":0.845287024974823,"orthographic":false}