{"cameraMode":{"drawMode":0,"name":"Shaded","section":"Shading Mode"},"sceneLighting":false,"audioPlay":false,"sceneViewState":{"showFog":true,"showMaterialUpdate":false,"showSkybox":false,"showFlares":true,"showImageEffects":true,"showParticleSystems":true},"in2DMode":false,"pivot":{"x":0.0010324716567993165,"y":0.40684646368026736,"z":-0.011460483074188233},"rotation":{"x":-0.32624897360801699,"y":-0.2638803720474243,"z":0.09537916630506516,"w":-0.9026995897293091},"size":1.262190580368042,"orthographic":false}