{"cameraMode":{"drawMode":0,"name":"Shaded","section":"Shading Mode"},"sceneLighting":false,"audioPlay":false,"sceneViewState":{"showFog":true,"showMaterialUpdate":false,"showSkybox":false,"showFlares":true,"showImageEffects":true,"showParticleSystems":true},"in2DMode":false,"pivot":{"x":-0.20974022150039674,"y":0.6303912997245789,"z":-0.7039617896080017},"rotation":{"x":-0.1838499754667282,"y":-0.36936381459236147,"z":0.07480164617300034,"w":-0.9078509211540222},"size":0.6559029817581177,"orthographic":false}