{"cameraMode":{"drawMode":0,"name":"Shaded","section":"Shading Mode"},"sceneLighting":true,"audioPlay":false,"sceneViewState":{"showFog":true,"showMaterialUpdate":false,"showSkybox":false,"showFlares":true,"showImageEffects":true,"showParticleSystems":true},"in2DMode":false,"pivot":{"x":0.24086081981658936,"y":1.0483046770095826,"z":0.9453316926956177},"rotation":{"x":0.11860919743776322,"y":0.5933661460876465,"z":-0.08895669877529144,"w":0.791165292263031},"size":0.8031207919120789,"orthographic":false}