{"cameraMode":{"drawMode":0,"name":"Shaded","section":"Shading Mode"},"sceneLighting":false,"audioPlay":false,"sceneViewState":{"showFog":true,"showMaterialUpdate":false,"showSkybox":false,"showFlares":true,"showImageEffects":true,"showParticleSystems":true},"in2DMode":false,"pivot":{"x":5.960464477539063e-8,"y":0.8135864734649658,"z":4.470348358154297e-8},"rotation":{"x":-0.30304285883903506,"y":-0.15715432167053224,"z":0.05074845626950264,"w":-0.9385766386985779},"size":0.8373173475265503,"orthographic":false}