{"cameraMode":{"drawMode":0,"name":"Shaded","section":"Shading Mode"},"sceneLighting":true,"audioPlay":false,"sceneViewState":{"showFog":true,"showMaterialUpdate":false,"showSkybox":true,"showFlares":true,"showImageEffects":true,"showParticleSystems":true},"in2DMode":false,"pivot":{"x":0.6380213499069214,"y":2.1638364791870119,"z":-2.825322151184082},"rotation":{"x":-0.022241700440645219,"y":0.9628149271011353,"z":0.08367674797773361,"w":0.2559243142604828},"size":2.1300346851348879,"orthographic":false}