{"cameraMode":{"drawMode":0,"name":"Shaded","section":"Shading Mode"},"sceneLighting":false,"audioPlay":false,"sceneViewState":{"showFog":true,"showMaterialUpdate":false,"showSkybox":false,"showFlares":true,"showImageEffects":true,"showParticleSystems":true},"in2DMode":false,"pivot":{"x":0.6330357789993286,"y":0.47602152824401858,"z":0.11868369579315186},"rotation":{"x":-0.16330142319202424,"y":-0.3899087905883789,"z":0.07047202438116074,"w":-0.9035149812698364},"size":0.9354771971702576,"orthographic":false}