{"cameraMode":{"drawMode":0,"name":"Shaded","section":"Shading Mode"},"sceneLighting":false,"audioPlay":false,"sceneViewState":{"showFog":true,"showMaterialUpdate":false,"showSkybox":false,"showFlares":true,"showImageEffects":true,"showParticleSystems":true},"in2DMode":false,"pivot":{"x":-0.00006031990051269531,"y":0.5551294088363648,"z":0.04821878671646118},"rotation":{"x":-0.30304285883903506,"y":-0.15715432167053224,"z":0.05074845626950264,"w":-0.9385766386985779},"size":1.092016577720642,"orthographic":false}